city,Lat,Lng,Max Temp,Humidity,Cloudiness,Wind Speed,Country,Date
Provideniya,64.3833,-173.3,5.06,60,40,7.0,RU,1622606639
Kodinsk,58.6881,99.1844,24.47,27,6,3.44,RU,1622606639
Rikitea,-23.1203,-134.9692,22.1,59,8,9.41,PF,1622606875
Cherskiy,68.75,161.3,19.99,23,8,1.85,RU,1622606876
Koppies,-27.2418,27.5742,2.32,74,5,2.54,ZA,1622606876
Hithadhoo,-0.6,73.0833,28.68,67,100,6.89,MV,1622606605
Bethel,41.3712,-73.414,17.03,80,100,1.26,US,1622606876
Chokurdakh,70.6333,147.9167,22.24,20,17,3.15,RU,1622606877
Ostrovnoy,68.0531,39.5131,7.17,94,100,9.67,RU,1622606877
Bredasdorp,-34.5322,20.0403,10.55,84,38,1.61,ZA,1622606877
Butaritari,3.0707,172.7902,28.33,80,100,7.09,KI,1622606878
Ushuaia,-54.8,-68.3,-1.19,100,75,5.66,AR,1622606878
Vertientes,21.2594,-78.1464,23.34,92,95,3.6,CU,1622606878
Nizwá,22.9333,57.5333,35.64,13,14,0.69,OM,1622606751
Wanning,18.8003,110.3967,32.92,66,100,6.66,CN,1622606879
Maxixe,-23.8597,35.3472,19.46,90,22,2.11,MZ,1622606879
Biak,-0.9131,122.8766,28.84,67,61,2.74,ID,1622606879
Kvareli,41.9524,45.8151,24.8,52,0,0.74,GE,1622606880
Kachug,53.9606,105.8817,20.67,42,19,0.48,RU,1622606880
Vaini,-21.2,-175.2,23.21,70,100,4.3,TO,1622606880
Fairbanks,64.8378,-147.7164,16.72,71,100,0.45,US,1622606647
Busselton,-33.65,115.3333,17.8,64,96,1.43,AU,1622606645
Ribeira Grande,38.5167,-28.7,15.51,71,90,5.94,PT,1622606881
Hilo,19.7297,-155.09,25.44,86,63,0.45,US,1622606881
Nuevo Ideal,24.8875,-105.0728,17.8,59,38,0.52,MX,1622606881
Torbay,47.6666,-52.7314,8.15,94,90,11.32,CA,1622606882
Carnarvon,-24.8667,113.6333,21.04,60,88,5.66,AU,1622606882
Yulara,-25.2406,130.9889,19.91,40,2,4.63,AU,1622606882
Port Lincoln,-34.7333,135.8667,19.34,55,64,4.72,AU,1622606883
Tasiilaq,65.6145,-37.6368,0.09,79,21,2.56,GL,1622606883
Albuquerque,35.0845,-106.6511,23.04,33,24,1.79,US,1622606855
Teya,60.3778,92.6267,18.82,47,100,3.73,RU,1622606883
Emba,48.8264,58.1442,23.15,55,1,4.07,KZ,1622606884
Hobyo,5.3505,48.5268,26.14,79,63,8.19,SO,1622606884
Leningradskiy,69.3833,178.4167,-0.17,84,18,6.94,RU,1622606884
Port Elizabeth,-33.918,25.5701,13.94,82,66,5.82,ZA,1622606885
Evensk,61.95,159.2333,10.76,57,100,4.07,RU,1622606885
Dhemāji,27.4833,94.5833,29.07,73,53,2.15,IN,1622606885
Donghai,22.9459,115.642,28.94,80,100,5.86,CN,1622606886
Necochea,-38.5473,-58.7368,11.12,75,46,5.88,AR,1622606886
Cape Town,-33.9258,18.4232,12.84,93,0,0.89,ZA,1622606156
Loandjili,-4.7561,11.8578,24.21,86,58,1.16,CG,1622606886
La Santisima Trinidad,-14.8333,-64.9,21.13,78,53,1.45,BO,1622606887
Castro,-24.7911,-50.0119,10.77,93,7,1.42,BR,1622606887
Hermanus,-34.4187,19.2345,12.17,76,6,1.74,ZA,1622606887
Khon Kaen,16.5,102.0833,36.03,44,68,1.28,TH,1622606888
Casablanca,33.5928,-7.6192,15.0,88,0,3.09,MA,1622606408
Kapoeta,4.7717,33.5903,25.04,51,83,7.07,SS,1622606888
Kaitangata,-46.2817,169.8464,12.74,65,81,2.32,NZ,1622606888
Inhambane,-23.865,35.3833,20.28,87,25,2.72,MZ,1622606888
Puerto Ayora,-0.7393,-90.3518,23.08,93,77,2.24,EC,1622606889
Tuktoyaktuk,69.4541,-133.0374,-1.0,93,90,5.66,CA,1622606889
Falam,22.9167,93.6833,29.26,39,72,0.44,MM,1622606890
Barrow,71.2906,-156.7887,-0.67,84,100,6.32,US,1622606890
Yeppoon,-23.1333,150.7333,19.88,82,78,4.33,AU,1622606890
Longyearbyen,78.2186,15.6401,2.7,93,100,2.38,SJ,1622606891
New Norfolk,-42.7826,147.0587,15.72,40,99,1.73,AU,1622606891
Chui,-33.6971,-53.4616,13.71,76,100,3.78,UY,1622606891
Petrozavodsk,61.7849,34.3469,10.7,62,0,3.39,RU,1622606891
Camabatela,-8.1881,15.375,14.46,93,35,1.3,AO,1622606892
Aklavik,68.2191,-135.0107,0.4,100,100,2.59,CA,1622606892
Kinablangan,7.6947,126.5503,29.73,68,100,2.2,PH,1622606892
Kawalu,-7.3817,108.2082,30.58,61,56,1.8,ID,1622606893
Talnakh,69.4865,88.3972,1.97,88,100,7.47,RU,1622606893
Presidencia Roque Sáenz Peña,-26.7852,-60.4388,15.51,60,42,2.2,AR,1622606893
Nouadhibou,20.931,-17.0347,18.49,87,82,8.78,MR,1622606760
Port Alfred,-33.5906,26.891,14.55,88,51,6.48,ZA,1622606894
Dikson,73.5069,80.5464,1.4,89,99,6.55,RU,1622606894
Kieta,-6.2167,155.6333,28.52,77,61,2.8,PG,1622606896
Kuruman,-27.4524,23.4325,4.33,69,0,6.08,ZA,1622606896
Bitung,1.4451,125.1824,34.47,68,20,6.02,ID,1622606896
Makkah al Mukarramah,21.4267,39.8261,34.58,22,3,2.16,SA,1622606897
Laguna,38.421,-121.4238,33.28,41,1,3.59,US,1622606897
Palmer,42.1584,-72.3287,16.68,80,1,1.47,US,1622606897
Rāvar,31.2656,56.8055,33.44,7,0,0.45,IR,1622606897
Kununurra,-15.7667,128.7333,32.99,35,56,2.06,AU,1622606898
Katsuura,35.1333,140.3,26.24,71,100,4.38,JP,1622606898
Whyalla,-33.0333,137.5833,21.94,40,41,5.66,AU,1622606898
Punta Arenas,-53.15,-70.9167,-5.94,93,75,0.69,CL,1622606899
Sambava,-14.2667,50.1667,21.63,78,44,3.97,MG,1622606899
Mataura,-46.1927,168.8643,9.71,94,90,1.04,NZ,1622606899
Albany,42.6001,-73.9662,14.4,81,94,1.31,US,1622606694
Saskylakh,71.9167,114.0833,15.49,64,100,7.4,RU,1622606900
Pilar,-9.5972,-35.9567,22.96,90,64,1.61,BR,1622606766
Qaanaaq,77.484,-69.3632,-4.11,93,92,0.33,GL,1622606900
Bhānpurī,21.1,80.9167,32.49,44,96,3.48,IN,1622606901
Dingle,10.9995,122.6711,25.85,85,100,7.78,PH,1622606901
Alofi,-19.0595,-169.9187,25.04,79,98,5.75,NU,1622606901
Arraial do Cabo,-22.9661,-42.0278,22.02,82,19,3.21,BR,1622606819
Auburn,47.3073,-122.2284,24.42,63,2,0.45,US,1622606754
Khatanga,71.9667,102.5,2.11,84,100,9.45,RU,1622606902
Hong Kong,22.2855,114.1577,32.03,86,100,3.58,HK,1622606747
Kochubey,44.3861,46.5825,23.52,60,31,3.22,RU,1622606902
Hobart,-42.8794,147.3294,14.95,52,0,1.79,AU,1622606657
San Luis,-33.295,-66.3356,10.73,67,22,5.49,AR,1622606903
Okhotsk,59.3833,143.3,5.51,85,100,1.6,RU,1622606903
Nikolskoye,59.7035,30.7861,10.99,59,5,1.17,RU,1622606903
Esim,4.8699,-2.2405,26.15,84,100,2.28,GH,1622606904
Itarema,-2.9248,-39.9167,24.49,87,5,3.79,BR,1622606904
Ulaanbaatar,47.9077,106.8832,7.07,61,75,5.33,MN,1622606739
Saldanha,-33.0117,17.9442,12.98,83,0,2.97,ZA,1622606904
Kumul,42.8,93.45,30.03,5,1,8.72,CN,1622606905
Pedernales,18.0384,-71.744,26.57,70,100,1.81,DO,1622606905
Kapaa,22.0752,-159.319,27.99,75,17,1.34,US,1622606906
Atuona,-9.8,-139.0333,26.51,76,27,6.25,PF,1622606906
Kolvereid,64.8655,11.6047,17.57,61,28,1.7,NO,1622606906
Constitución,-35.3333,-72.4167,14.7,97,100,2.79,CL,1622606907
Vega de Alatorre,20.0333,-96.6333,25.85,86,50,2.2,MX,1622606907
Saint Paul Harbor,57.79,-152.4072,7.6,89,99,3.29,US,1622606907
Faya,18.3851,42.4509,20.29,18,0,3.13,SA,1622606907
Krasnyy Yar,46.5331,48.3456,22.96,47,13,1.08,RU,1622606908
Jamestown,42.097,-79.2353,14.63,79,100,0.45,US,1622606608
Bluff,-46.6,168.3333,9.89,77,38,8.21,NZ,1622606908
Praia da Vitória,38.7333,-27.0667,13.75,74,96,4.71,PT,1622606909
Kostomuksha,64.571,30.5767,13.2,53,2,0.94,RU,1622606909
Arrondissement de Saint-Denis,48.9167,2.3333,18.43,71,0,2.57,FR,1622606909
Igrim,63.1906,64.4162,6.5,43,76,5.59,RU,1622606909
Klaksvík,62.2266,-6.589,8.51,87,74,4.26,FO,1622606910
Leshukonskoye,64.8989,45.7622,6.72,59,63,3.2,RU,1622606910
Ahipara,-35.1667,173.1667,15.76,69,85,4.69,NZ,1622606727
Makhu,31.1033,74.9978,33.63,29,3,3.12,IN,1622606911
Bariri,-22.0744,-48.7403,15.75,77,0,1.79,BR,1622606911
Bariloche,-41.1456,-71.3082,2.59,85,95,3.03,AR,1622606640
Saint-Philippe,-21.3585,55.7679,23.75,83,60,5.14,RE,1622606912
Urubichá,-15.3833,-62.95,20.65,76,22,0.86,BO,1622606912
Mapiripán,2.8892,-72.1256,22.48,98,98,1.82,CO,1622606912
Saldus,56.6636,22.4881,10.17,79,6,2.4,LV,1622606913
Berezanskaya,45.7056,39.5932,16.59,93,100,4.31,RU,1622606913
Ponta do Sol,32.6667,-17.1,18.73,79,100,1.42,PT,1622606914
Baykit,61.67,96.37,22.39,34,93,5.05,RU,1622606807
La Sarre,48.8002,-79.1996,11.82,68,55,0.59,CA,1622606914
Chapais,49.7834,-74.8492,10.2,90,70,1.29,CA,1622606914
Avarua,-21.2078,-159.775,26.03,61,99,2.57,CK,1622606915
Puerto Maldonado,-12.6,-69.1833,24.43,75,98,0.59,PE,1622606758
Tazovsky,67.4667,78.7,4.31,47,49,4.6,RU,1622606915
Bereda,43.2686,-7.5406,12.17,99,65,0.59,ES,1622606915
Moerai,-22.4333,-151.3333,24.94,61,37,3.84,PF,1622606916
Dalvik,65.9702,-18.5286,6.24,73,8,4.82,IS,1622606916
Grand Gaube,-20.0064,57.6608,25.21,72,19,2.68,MU,1622606916
Kosa,59.9445,54.9977,8.79,42,23,3.78,RU,1622606917
Trairi,-3.2778,-39.2689,24.25,87,0,3.29,BR,1622606647
Saint George,37.1041,-113.5841,30.75,10,84,0.89,US,1622606917
Ketchikan,55.3422,-131.6461,11.99,99,100,1.32,US,1622606918
Noumea,-22.2763,166.4572,22.99,59,56,5.12,NC,1622606371
Oranjemund,-28.55,16.4333,13.64,51,0,3.96,NA,1622606918
Diamantino,-14.4086,-56.4461,22.28,60,49,1.57,BR,1622606919
Troitsko-Pechorsk,62.7084,56.1964,6.55,41,11,4.27,RU,1622606919
‘Ewa Beach,21.3156,-158.0072,27.65,63,1,2.61,US,1622606689
Lorengau,-2.0226,147.2712,28.94,72,50,4.29,PG,1622606919
Narsaq,60.9167,-46.05,2.12,75,33,0.66,GL,1622606920
San Buenaventura,27.0833,-101.5333,20.96,84,100,1.06,MX,1622606920
Imeni Poliny Osipenko,52.4201,136.4853,22.77,42,64,5.78,RU,1622606920
Mlonggo,-6.5333,110.7,30.94,67,32,1.1,ID,1622606921
Kem',64.9555,34.5793,11.68,63,47,3.88,RU,1622606921
Wakimachi,34.0667,134.15,26.03,53,100,1.15,JP,1622606921
Kashgar,39.4547,75.9797,27.56,19,20,2.01,CN,1622606922
Sabang,5.8933,95.3214,28.26,75,100,4.3,ID,1622606922
Omboué,-1.5746,9.2618,23.91,86,83,1.46,GA,1622606922
Mar del Plata,-38.0023,-57.5575,12.29,45,0,0.45,AR,1622606892
Bambous Virieux,-20.3428,57.7575,25.12,73,48,7.17,MU,1622606923
Makakilo City,21.3469,-158.0858,26.86,64,1,2.16,US,1622606923
Kahului,20.8947,-156.47,28.32,78,55,4.92,US,1622606923
Auki,-8.7676,160.7034,30.0,67,90,2.42,SB,1622606923
Port Moresby,-9.4431,147.1797,28.7,68,62,5.59,PG,1622606730
Scarborough,54.2797,-0.4044,9.95,90,18,1.79,GB,1622606924
Prince George,53.9166,-122.753,21.27,64,97,1.68,CA,1622606924
Worcester,42.3334,-71.8328,16.33,81,100,0.45,US,1622606859
Soyo,-6.1349,12.3689,24.67,84,50,2.16,AO,1622606924
Nanortalik,60.1432,-45.2371,2.81,88,74,3.02,GL,1622606925
Acapulco de Juárez,16.8634,-99.8901,27.86,79,93,1.71,MX,1622606719
Misratah,32.3754,15.0925,22.43,77,65,8.19,LY,1622606925
Kultuk,51.7208,103.6956,18.04,53,85,2.7,RU,1622606925
Leningori,42.126,44.4833,17.73,77,9,0.27,GE,1622606926
Nhulunbuy,-12.2333,136.7667,28.34,65,75,6.17,AU,1622606926
Sola,-13.8833,167.55,26.35,77,98,10.63,VU,1622606926
Kingseat,56.0974,-3.4084,9.31,95,90,2.24,GB,1622606927
Merritt Island,28.5392,-80.672,25.61,84,1,1.54,US,1622606925
Qaqortoq,60.7167,-46.0333,2.28,85,44,1.86,GL,1622606902
Saint-Pierre,-21.3393,55.4781,23.8,77,75,2.57,RE,1622606734
Buala,-8.145,159.5921,29.31,74,79,3.47,SB,1622606927
Manzhouli,49.6,117.4333,15.24,27,6,2.71,CN,1622606928
Mahébourg,-20.4081,57.7,25.14,73,44,7.2,MU,1622606928
Bud,39.447,-86.1758,19.01,82,100,2.37,US,1622606928
Hofn,64.2539,-15.2082,7.62,82,96,6.39,IS,1622606929
Monroe,43.1501,-77.6831,15.51,74,26,2.96,US,1622606716
Naliya,23.2667,68.8333,31.75,60,62,6.0,IN,1622606929
Boguchany,58.3814,97.4531,24.01,30,94,4.49,RU,1622606929
Otofuke,42.9917,143.2003,20.19,57,71,2.94,JP,1622606930
Isangel,-19.55,169.2667,24.06,69,75,5.91,VU,1622606930
East London,-33.0153,27.9116,15.37,89,90,6.53,ZA,1622606930
Iqaluit,63.7506,-68.5145,-0.28,99,100,0.51,CA,1622606933
Horqueta,-23.3428,-57.0597,19.73,76,0,2.01,PY,1622606933
Ipixuna,-1.7625,-48.8043,24.97,92,58,1.98,BR,1622606933
Pevek,69.7008,170.3133,2.75,73,5,2.84,RU,1622606934
Vanimo,-2.6741,141.3028,26.07,84,100,3.37,PG,1622606934
Isla Vista,34.4133,-119.861,22.84,70,100,1.38,US,1622606934
Touros,-5.1989,-35.4608,23.5,87,0,4.62,BR,1622606934
Kavieng,-2.5744,150.7967,26.49,87,100,5.76,PG,1622606935
Los Llanos de Aridane,28.6585,-17.9182,16.86,89,75,2.3,ES,1622606935
Calabozo,8.9242,-67.4293,23.08,96,100,2.85,VE,1622606935
Palekastro,35.2,26.25,18.49,67,14,3.55,GR,1622606936
Nemuro,43.3236,145.575,11.03,85,100,5.78,JP,1622606936
Gorgan,36.8387,54.4348,25.98,61,0,3.09,IR,1622606936
Pisco,-13.7,-76.2167,16.03,88,73,2.57,PE,1622606718
Harper,4.375,-7.7169,25.96,84,69,2.66,LR,1622606937
Hobbs,32.7026,-103.136,22.05,63,90,2.24,US,1622606937
Nicoya,10.1483,-85.452,24.75,80,100,1.24,CR,1622606732
Zhigansk,66.7697,123.3711,13.35,71,100,0.58,RU,1622606937
Pucallpa,-8.3791,-74.5539,23.42,88,97,0.86,PE,1622606938
Rocha,-34.4833,-54.3333,12.58,87,100,4.35,UY,1622606938
Tongliao,43.6125,122.2653,20.86,63,100,8.44,CN,1622606939
Chimbote,-9.0853,-78.5783,17.51,92,43,2.9,PE,1622606939
Hambantota,6.1241,81.1185,29.19,84,20,6.56,LK,1622606769
Yumen,40.2833,97.2,21.18,7,47,8.31,CN,1622606940
Bay City,43.5945,-83.8889,17.31,67,1,1.99,US,1622606794
Cockburn Town,21.4612,-71.1419,26.52,81,56,9.66,TC,1622606940
Churapcha,62.0025,132.4325,20.08,35,13,2.34,RU,1622606941
Upernavik,72.7868,-56.1549,-3.7,92,28,3.38,GL,1622606941
Abu Dhabi,24.4667,54.3667,31.01,70,0,2.17,AE,1622606941
Tautira,-17.7333,-149.15,27.01,64,86,4.95,PF,1622606941
Esperance,-33.8667,121.9,16.14,72,100,5.2,AU,1622606942
Bhachāu,23.2833,70.35,31.77,57,6,6.76,IN,1622606942
Pangnirtung,66.1451,-65.7125,0.84,98,100,1.29,CA,1622606942
Zaozyornoye,45.1582,33.2787,13.86,79,99,2.74,UA,1622606943
Bathsheba,13.2167,-59.5167,26.34,65,40,5.85,BB,1622606943
Salalah,17.0151,54.0924,29.05,74,40,1.54,OM,1622606943
Mokhsogollokh,61.4681,128.9203,21.85,29,4,1.04,RU,1622606944
Thompson,55.7435,-97.8558,13.01,64,91,2.52,CA,1622606944
Codrington,-38.2667,141.9667,16.22,55,98,2.27,AU,1622606944
Kruisfontein,-34.0033,24.7314,12.71,79,69,3.93,ZA,1622606946
Coquimbo,-29.9533,-71.3436,11.85,100,20,2.98,CL,1622606946
Mattru,7.6244,-11.8332,23.17,93,90,0.37,SL,1622606946
Lüderitz,-26.6481,15.1594,15.61,40,0,4.25,NA,1622606947
San Jerónimo,-11.9472,-75.2829,9.62,84,100,1.27,PE,1622606947
Andrăşeşti,44.5667,27.1333,11.59,91,100,4.33,RO,1622606947
Beloha,-25.1667,45.05,19.76,84,88,8.89,MG,1622606948
Mishima,35.1167,138.9167,24.97,72,100,1.48,JP,1622606948
Praia,14.9215,-23.5087,22.3,78,75,6.17,CV,1622606886
Adilcevaz,38.8039,42.7342,19.84,43,0,1.04,TR,1622606949
Solnechnyy,50.7214,136.6319,14.37,75,100,4.2,RU,1622606949
Clyde River,70.4692,-68.5914,-1.73,95,100,2.34,CA,1622606949
George Town,5.4112,100.3354,31.96,66,20,1.75,MY,1622606803
Mabaruma,8.2,-59.7833,22.61,92,91,1.0,GY,1622606950
Tigil',57.8,158.6667,13.74,46,100,5.36,RU,1622606950
Kalmunai,7.4167,81.8167,30.55,65,16,0.49,LK,1622606950
Richards Bay,-28.783,32.0377,14.79,73,82,5.65,ZA,1622606950
Faanui,-16.4833,-151.75,26.28,73,100,6.87,PF,1622606951
Tiarei,-17.5333,-149.3333,27.01,65,47,5.4,PF,1622606951
Arman',59.7,150.1667,4.08,97,100,0.73,RU,1622606951
Berlevåg,70.8578,29.0864,10.0,93,100,3.62,NO,1622606952
Bubaque,11.2833,-15.8333,25.91,83,59,3.67,GW,1622606952
Mayo,38.8876,-76.5119,20.04,82,1,1.79,US,1622606952
Belaya Glina,46.07,40.86,17.01,96,100,4.99,RU,1622606953
Fort Nelson,58.8053,-122.7002,20.42,41,87,1.66,CA,1622606953
Beringovskiy,63.05,179.3167,0.6,75,13,4.72,RU,1622606953
Belmonte,-15.8631,-38.8828,21.28,86,100,0.94,BR,1622606954
Anapskaya,44.89,37.38,17.13,82,75,6.41,RU,1622606954
Mount Isa,-20.7333,139.5,29.87,28,40,3.6,AU,1622606954
Hamada,34.8833,132.0833,23.16,64,100,1.63,JP,1622606955
Yellowknife,62.456,-114.3525,13.51,90,45,1.87,CA,1622606707
Jizan,17.3333,42.6667,31.51,58,0,0.75,SA,1622606955
Kavaratti,10.5669,72.642,28.68,76,90,5.98,IN,1622606955
Dalbandin,28.8947,64.4101,36.61,5,0,2.76,PK,1622606956
Hay River,60.8156,-115.7999,13.56,66,76,2.28,CA,1622606956
Hervey Bay,-25.2986,152.8535,25.58,62,19,1.34,AU,1622606956
Wajir,1.7471,40.0573,22.31,76,11,5.18,KE,1622606958
Iranshahr,27.2025,60.6848,36.19,10,0,0.0,IR,1622606958
Farafangana,-22.8167,47.8333,21.44,92,100,2.35,MG,1622606958
Fortuna,40.5982,-124.1573,12.74,73,90,1.34,US,1622606959
Gondanglegi,-7.7479,112.0132,30.26,66,37,1.69,ID,1622606959
Batagay-Alyta,67.8006,130.4114,18.18,30,78,1.32,RU,1622606959
Erenhot,43.6475,111.9767,13.44,23,24,9.7,CN,1622606959
Marsh Harbour,26.5412,-77.0636,25.83,80,99,8.05,BS,1622606960
Deputatsky,69.3,139.9,17.47,30,77,4.68,RU,1622606960
North Myrtle Beach,33.816,-78.68,23.36,87,67,0.45,US,1622606930
Tilichiki,60.4667,166.1,9.86,57,8,2.67,RU,1622606960
Winnemucca,40.973,-117.7357,22.84,26,39,1.31,US,1622606697
Ivybridge,50.3904,-3.9191,17.4,75,100,5.36,GB,1622606961
Maceió,-9.6658,-35.7353,23.69,94,90,2.2,BR,1622606961
Chebenki,51.9337,55.7077,22.86,56,98,6.08,RU,1622606961
Hamilton,39.1834,-84.5333,18.95,90,100,1.54,US,1622606758
Svetlaya,46.5389,138.3297,13.68,78,82,3.41,RU,1622606962
Tiznit Province,29.5833,-9.5,15.72,72,0,0.49,MA,1622606962
Padang,-0.9492,100.3543,28.03,66,47,2.06,ID,1622606717
Lebedinyy,58.5167,125.5167,9.79,76,100,4.66,RU,1622606963
Barcelos,41.5388,-8.6151,15.08,95,93,1.6,PT,1622606963
San Cristobal,7.7669,-72.225,18.52,95,100,1.18,VE,1622606963
Alyangula,-13.8483,136.4192,26.97,69,100,5.94,AU,1622606964
Westport,41.1415,-73.3579,18.28,80,100,0.45,US,1622606964
Vila Velha,-20.3297,-40.2925,22.75,91,75,0.89,BR,1622606964
Saint-Joseph,-21.3667,55.6167,23.2,80,46,5.19,RE,1622606965
Kushiro,42.975,144.3747,13.23,77,99,4.56,JP,1622606965
Esso,55.9333,158.7,11.61,54,100,0.77,RU,1622606965
Rio Grande,-32.035,-52.0986,14.8,70,100,3.22,BR,1622606966
Ambilobe,-13.2,49.05,19.79,79,37,1.32,MG,1622606966
Burhar,23.2167,81.5333,37.17,27,40,2.85,IN,1622606966
Chum Phae,16.5443,102.0992,35.8,44,71,1.56,TH,1622606966
Karratha,-20.7377,116.8463,24.69,26,93,9.02,AU,1622606967
Khovd,48.0056,91.6419,17.26,16,28,2.59,MN,1622606967
Boyolangu,-8.1181,111.8935,29.81,66,24,1.64,ID,1622606854
Laas,46.6166,10.7002,11.87,93,65,1.08,IT,1622606967
Howard Springs,-12.497,131.047,32.12,62,99,1.72,AU,1622606968
Labuhan,-6.8844,112.2051,30.0,66,89,4.77,ID,1622606879
Kannur,11.8675,75.3576,28.45,76,51,1.8,IN,1622606939
Guadalupe y Calvo,26.1,-106.9667,12.27,61,29,0.97,MX,1622606968
Buraidah,26.326,43.975,31.87,11,0,1.45,SA,1622606898
Port Hardy,50.6996,-127.4199,14.44,87,47,3.49,CA,1622606969
Atar,20.5169,-13.0499,31.35,32,74,3.04,MR,1622606969
Douglas,41.3,-96.167,19.93,67,1,2.95,US,1622606906
Egvekinot,66.3167,-179.1667,1.69,57,5,0.52,RU,1622606969
Chumikan,54.7183,135.315,3.21,92,99,4.03,RU,1622606970
Hasaki,35.7333,140.8333,26.27,71,100,5.03,JP,1622606970
Mirny,62.5353,113.9611,25.83,29,52,2.15,RU,1622606970
Geraldton,-28.7667,114.6,19.23,52,0,2.6,AU,1622606971
Kumta,14.4167,74.4,29.34,74,100,2.94,IN,1622606971
Bontang,0.1333,117.5,29.86,71,33,4.13,ID,1622606971
Plavsk,53.7094,37.2919,9.1,79,85,4.88,RU,1622606971
Flinders,-34.5833,150.8552,22.34,55,10,1.34,AU,1622606972
Sandakan,5.8402,118.1179,31.27,60,96,0.28,MY,1622606972
Severo-Kuril'sk,50.6789,156.125,5.82,83,83,2.21,RU,1622606972
Avera,33.194,-82.5271,21.73,78,97,2.32,US,1622606973
Kenai,60.5544,-151.2583,13.35,79,69,3.72,US,1622606973
Launceston,-41.45,147.1667,14.8,74,98,1.34,AU,1622606973
Alice Springs,-23.7,133.8833,23.45,21,40,5.36,AU,1622606974
Bemidji,47.4736,-94.8803,17.82,77,40,3.09,US,1622606733
Poum,-20.2333,164.0167,22.67,57,12,2.13,NC,1622606974
Ilhabela,-23.7781,-45.3581,19.86,88,36,2.25,BR,1622606947
Pasni,25.2631,63.471,28.97,82,20,3.99,PK,1622606974
Bafia,4.75,11.2333,21.31,99,100,0.74,CM,1622606975
General Pico,-35.6566,-63.7568,12.91,90,92,4.72,AR,1622606975
Tukuran,7.8551,123.5752,28.94,76,91,3.39,PH,1622606975
Norman Wells,65.282,-126.8329,10.02,71,75,5.14,CA,1622606976
Mitsamiouli,-11.3847,43.2844,25.38,72,16,3.51,KM,1622606976
Novy Urengoy,66.0833,76.6333,6.39,37,47,7.36,RU,1622606851
Bozüyük,39.9078,30.0367,8.59,82,97,1.01,TR,1622606977
Hudson Bay,52.85,-102.3842,15.02,87,100,0.12,CA,1622606977
Cascavel,-24.9558,-53.4553,16.24,94,5,2.78,BR,1622606977
Srednekolymsk,67.45,153.6833,20.31,20,9,3.04,RU,1622606977
La Providencia,28.7167,-111.5833,31.03,48,1,3.0,MX,1622606978
Pāthri,19.25,76.45,26.66,68,100,2.44,IN,1622606978
Ati,13.2154,18.3353,29.03,47,100,2.71,TD,1622606978
Kurtamysh,54.9103,64.4319,17.02,44,45,2.35,RU,1622606979
Saint-Paul,-21.0096,55.2707,24.05,87,51,1.08,RE,1622606979
Port Blair,11.6667,92.75,30.09,69,3,1.82,IN,1622606979
Anadyr,64.75,177.4833,3.28,64,0,5.81,RU,1622606980
Luan,46.3592,6.9759,11.62,89,81,1.88,CH,1622606980
Bengkulu,-3.8004,102.2655,29.71,63,78,1.68,ID,1622606980
São João da Barra,-21.6403,-41.0511,20.8,88,31,1.89,BR,1622606711
Bac Lieu,9.285,105.7244,32.02,61,99,4.14,VN,1622606981
Bend,44.0582,-121.3153,29.6,27,1,2.57,US,1622606981
Whittlesea,-32.1759,26.8244,8.96,92,100,3.09,ZA,1622606981
San Patricio,28.017,-97.5169,25.47,83,64,2.34,US,1622606982
Nur-Sultan,51.1801,71.446,19.97,68,0,7.14,KZ,1622606975
Arrondissement de Langres,47.8333,5.3333,10.47,98,17,2.83,FR,1622606982
Vestmannaeyjar,63.4427,-20.2734,7.45,80,100,7.58,IS,1622606982
Andenes,69.3143,16.1194,14.7,67,0,5.14,NO,1622606983
Divnomorskoye,44.5011,38.1353,17.12,88,100,4.33,RU,1622606983
Chicama,-7.8447,-79.1469,18.72,86,76,2.58,PE,1622606983
Tateyama,34.9833,139.8667,26.01,74,100,4.11,JP,1622606983
Sakaiminato,35.55,133.2333,22.02,67,100,1.34,JP,1622606984
Morant Bay,17.8815,-76.4093,24.23,82,40,3.63,JM,1622606984
Findlay,41.0442,-83.6499,18.79,72,100,2.67,US,1622606914
Smithers,54.7804,-127.1743,14.27,90,100,0.66,CA,1622606984
Berdsk,54.7551,83.0967,25.58,58,17,1.43,RU,1622606985
Cam Ranh,11.9214,109.1591,32.98,62,20,3.32,VN,1622606985
Xinzhi,36.4989,111.7047,32.5,31,96,1.29,CN,1622606985
Visby,57.6409,18.296,12.7,87,0,3.6,SE,1622606964
Ixtapa,20.7,-105.2,27.57,83,75,2.57,MX,1622606986
Rawson,-43.3002,-65.1023,6.58,70,5,8.13,AR,1622606986
Kalabo,-14.97,22.6814,11.4,46,82,2.95,ZM,1622606986
Bougouni,11.417,-7.479,25.86,70,96,1.69,ML,1622606987
Santa Rosa,14.3122,121.1114,27.99,59,99,6.51,PH,1622606987
Puerto Escondido,15.85,-97.0667,28.58,77,45,2.13,MX,1622606987
Sabha,27.0377,14.4283,27.7,22,87,6.98,LY,1622606988
Gdov,58.7406,27.8122,11.38,69,20,1.79,RU,1622606988
Aykhal,66.0,111.5,22.9,38,4,8.92,RU,1622606988
Amazar,53.858,120.875,16.12,64,43,4.01,RU,1622606989
Lima,-12.0432,-77.0282,16.61,88,90,5.14,PE,1622606877
Muros,42.7762,-9.0603,15.61,90,100,1.52,ES,1622606989
Tual,-5.6667,132.75,27.64,80,33,6.95,ID,1622606989
Adamovka,51.5223,59.9396,20.29,46,17,5.65,RU,1622606989
Kalengwa,-13.4659,25.0027,10.71,72,100,1.51,ZM,1622606990
Malakal,9.5334,31.6605,25.9,68,90,3.01,SS,1622606990
Ezhou,30.4,114.8333,30.8,59,30,1.2,CN,1622606990
Lompoc,34.6391,-120.4579,18.08,100,90,2.37,US,1622606991
Kosonsoy,41.2561,71.5508,26.31,25,0,0.97,UZ,1622606991
Mehamn,71.0357,27.8492,9.97,76,0,6.69,NO,1622606991
Matara,5.9485,80.5353,29.23,71,38,5.31,LK,1622606716
Boa Vista,2.8197,-60.6733,24.99,88,75,0.51,BR,1622606992
Olafsvik,64.8945,-23.7142,6.8,76,94,8.3,IS,1622606992
Half Moon Bay,37.4636,-122.4286,21.01,86,90,2.06,US,1622606992
Husavik,66.0449,-17.3389,6.12,69,2,6.15,IS,1622606993
Frankfort,-27.2667,28.4833,2.52,84,26,0.28,ZA,1622606993
Souillac,-20.5167,57.5167,25.2,75,44,6.62,MU,1622606993
Tiksi,71.6872,128.8694,3.77,81,100,2.59,RU,1622606993
Dunedin,-45.8742,170.5036,11.59,80,36,1.72,NZ,1622606777
Cabo San Lucas,22.8909,-109.9124,28.12,56,86,5.23,MX,1622606700
Itoman,26.1247,127.6694,30.01,74,75,5.66,JP,1622606994
São Félix do Xingu,-6.6447,-51.995,20.67,85,26,0.67,BR,1622606994
Havelock,34.8791,-76.9013,22.99,87,75,0.0,US,1622606995
Palotina,-24.2839,-53.84,19.13,91,0,3.47,BR,1622606995
Ilulissat,69.2167,-51.1,0.01,86,59,1.54,GL,1622606995
Goderich,43.7501,-81.7165,14.46,76,22,3.59,CA,1622606996
Gatak,-7.5908,110.7044,29.78,68,37,2.63,ID,1622606996
Kisangani,0.5167,25.2,20.84,95,92,0.27,CD,1622606996
Vila Franca do Campo,37.7167,-25.4333,15.23,72,88,3.12,PT,1622606996
Ascension,30.2169,-90.9001,25.0,97,75,1.54,US,1622606997
Warrnambool,-38.3833,142.4833,17.67,59,53,1.72,AU,1622606884
La Libertad,-2.2333,-80.9,21.64,83,85,3.34,EC,1622606997
Jacareacanga,-6.2222,-57.7528,22.19,72,33,0.57,BR,1622606906
Tamandaré,-8.7597,-35.1047,23.47,79,49,0.49,BR,1622606998
Garmsār,35.2182,52.3409,32.79,14,0,1.87,IR,1622606998
Abapó,-18.8333,-63.4667,13.8,93,67,1.05,BO,1622606998
Carros,43.7894,7.184,15.05,82,75,0.15,FR,1622606999
Abéché,13.8292,20.8324,28.7,43,100,2.62,TD,1622606999
Lata,40.1629,-8.3327,15.02,95,53,0.74,PT,1622606999
Nelson Bay,-32.7167,152.15,21.73,55,58,0.45,AU,1622607000
Dakar,14.6937,-17.4441,21.49,84,44,5.61,SN,1622606890
Honiara,-9.4333,159.95,29.69,71,87,3.13,SB,1622607000
Celestún,20.8667,-90.4,26.47,78,37,5.8,MX,1622607000
Khorinsk,52.1657,109.7726,16.1,64,98,2.84,RU,1622607001
Seminole,28.7086,-81.2081,25.04,87,16,2.28,US,1622606973
Caceres,39.522,-6.3748,12.11,89,20,0.75,ES,1622607001
Syracuse,37.0881,15.2792,19.65,84,100,0.91,IT,1622607001
Tura,25.5198,90.2201,29.62,64,59,2.02,IN,1622606820
Calca,-13.3333,-71.95,10.39,90,76,1.23,PE,1622607005
Araouane,18.9048,-3.5265,33.19,10,1,3.37,ML,1622607005
Santa Marinella,42.0345,11.8536,17.6,56,88,2.5,IT,1622607005
Trat,12.5,102.5,34.88,60,13,3.25,TH,1622607006
Hauge i Dalane,58.3436,6.2812,16.09,70,17,6.42,NO,1622607006
Karachi,24.9056,67.0822,31.9,58,40,5.66,PK,1622606796
Kangaatsiaq,68.3065,-53.4641,1.74,78,38,5.66,GL,1622607006
Guiong,6.4186,122.0258,30.9,72,99,2.91,PH,1622607007
Sarāhan,31.5167,77.8,19.79,43,4,2.35,IN,1622607007
Te Anau,-45.4167,167.7167,10.0,90,97,2.19,NZ,1622607008
Airai,-8.9266,125.4092,24.69,45,15,1.42,TL,1622607008
Dale,38.1689,-86.99,17.17,99,100,2.6,US,1622607008
Beni Suef,29.0731,31.0979,22.35,56,0,5.55,EG,1622607009
Tuatapere,-46.1333,167.6833,9.9,84,72,0.82,NZ,1622607009
Matagami,49.7502,-77.6328,9.97,96,92,1.74,CA,1622607009
Mocuba,-16.8392,36.9856,18.81,90,91,1.36,MZ,1622607010
Maniwaki,46.3834,-75.966,11.0,82,19,1.13,CA,1622607010
Sarakhs,36.5449,61.1577,33.08,33,0,2.06,IR,1622607010
Marzuq,14.4,46.4667,26.27,46,6,1.54,YE,1622607011
Zhenjiang,32.2092,119.4342,24.89,81,100,1.34,CN,1622607011
Juneau,58.3019,-134.4197,13.03,96,100,2.24,US,1622607011
Northam,51.0333,-4.2167,17.49,81,97,5.21,GB,1622607012
Kupang,-10.1667,123.5833,32.32,51,40,4.12,ID,1622607012
Luena,-11.7833,19.9167,10.5,54,55,1.8,AO,1622607013
Madang,-5.2246,145.7966,24.8,94,100,0.97,PG,1622607013
Mount Gambier,-37.8333,140.7667,18.47,41,80,3.72,AU,1622607013
Millinocket,45.6573,-68.7098,15.01,88,4,1.99,US,1622607014
São Raimundo das Mangabeiras,-7.0219,-45.4811,23.08,67,0,0.18,BR,1622607015
Yangi Marg`ilon,40.4272,71.7189,28.68,24,0,2.0,UZ,1622607015
Aleksandrov Gay,50.147,48.5704,18.86,78,98,5.72,RU,1622607015
Immokalee,26.4187,-81.4173,24.39,94,20,0.0,US,1622607016
Foam Lake,51.65,-103.5343,17.09,63,100,1.69,CA,1622607016
Santiago del Estero,-27.7951,-64.2615,17.23,57,54,2.28,AR,1622607017
Kasempa,-13.4584,25.8338,11.91,75,80,2.22,ZM,1622607017
Kamenka,51.3223,42.7678,13.2,78,89,6.25,RU,1622607017
Östersund,63.1792,14.6357,11.25,62,69,3.6,SE,1622607018
Ballina,-28.8667,153.5667,22.19,53,100,1.73,AU,1622607018
Maragogi,-9.0122,-35.2225,23.24,80,51,1.35,BR,1622607018
Bata,1.8639,9.7658,24.83,90,100,3.44,GQ,1622607019
Jérémie,18.65,-74.1167,26.25,79,97,0.74,HT,1622607019
Bouna,9.2667,-3.0,23.21,87,96,2.21,CI,1622607019
Babol,36.5513,52.679,25.04,47,0,0.34,IR,1622607020
Caravelas,-17.7125,-39.2481,21.62,86,58,0.48,BR,1622607020
Saint Anthony,45.0205,-93.218,19.06,63,1,0.45,US,1622607020
Nouakchott,18.0858,-15.9785,21.96,77,61,6.94,MR,1622607021
Bara,10.3744,10.7288,26.14,64,98,3.32,NG,1622607021
Sulangan,11.1373,123.7228,28.14,75,100,6.86,PH,1622607021
Dudinka,69.4058,86.1778,3.77,84,99,9.18,RU,1622607021
Koungou,-12.7336,45.2042,22.84,94,75,4.0,YT,1622607022
Portland,45.5234,-122.6762,28.12,54,1,1.09,US,1622606566
College,64.8569,-147.8028,16.18,71,75,5.66,US,1622607022
Marabu,4.4148,114.0089,31.09,59,99,1.59,MY,1622607022
Hirara,24.8,125.2833,32.15,74,75,5.66,JP,1622607023
Camocim,-2.9022,-40.8411,24.12,91,19,4.0,BR,1622607023
Salinas,36.6777,-121.6555,20.34,80,25,1.53,US,1622606958
Härnösand,62.6323,17.9379,11.11,63,57,1.05,SE,1622607024
Shimizu,43.0061,142.8847,19.94,55,60,1.54,JP,1622607024
Ganzhou,28.8184,115.4327,26.97,83,100,0.37,CN,1622606770
Valparaíso,-33.0393,-71.6273,17.49,70,45,5.1,CL,1622606853
Salekhard,66.53,66.6019,4.4,48,100,6.85,RU,1622607024
Nishifukuma,33.7667,130.4667,31.27,61,100,2.04,JP,1622607025
Barsovo,61.1667,73.1667,13.07,60,26,5.02,RU,1622607025
Villazón,-22.0866,-65.5942,7.27,16,39,3.3,BO,1622607025
Muriti,-1.9833,32.9167,21.38,67,64,6.15,TZ,1622607026
Havøysund,70.9963,24.6622,10.49,83,100,2.14,NO,1622607026
Sitka,57.0531,-135.33,11.74,93,100,0.31,US,1622607026
Sinnamary,5.3833,-52.95,24.89,88,99,1.86,GF,1622607026
East Wenatchee Bench,47.4257,-120.2812,28.54,43,7,1.15,US,1622607027
Havre-St-Pierre,50.2334,-63.5986,7.62,93,34,6.84,CA,1622607027
Gizo Government Station,-8.103,156.8419,28.51,76,99,3.11,SB,1622607027
Port Macquarie,-31.4333,152.9167,19.94,50,100,1.21,AU,1622607028
Norwich,52.6278,1.2983,12.74,90,14,2.06,GB,1622607028
Fuxin,42.0156,121.6589,16.74,94,100,4.02,CN,1622607028
Koumac,-20.5667,164.2833,23.65,56,4,4.7,NC,1622607029
Oga,46.4631,10.347,10.38,91,70,1.37,IT,1622607029
Gravdal,68.1214,13.5031,11.45,69,23,2.52,NO,1622607029
Fare,-16.7,-151.0167,26.33,69,100,5.93,PF,1622607030
Grindavik,63.8424,-22.4338,6.42,93,75,9.24,IS,1622607030
Sibut,5.718,19.0739,21.17,98,100,3.68,CF,1622607030
Jalu,29.0331,21.5482,22.34,49,0,4.36,LY,1622607030
Pacific Grove,36.6177,-121.9166,18.97,89,75,0.45,US,1622607031
Huambo,-12.7761,15.7392,9.67,43,82,0.24,AO,1622607031
Eidfjord,60.4675,7.0719,13.57,73,53,2.74,NO,1622607032
Lixouri,38.2019,20.4314,19.24,55,97,4.11,GR,1622607032
Caniço,32.6333,-16.85,18.73,86,40,2.86,PT,1622607032
Piopio,-38.4667,175.0167,13.31,80,99,1.83,NZ,1622607032
Lebu,-37.6167,-73.65,11.46,92,99,3.09,CL,1622607033
Guerrero Negro,27.9769,-114.0611,16.46,86,0,5.76,MX,1622607033
Sisimiut,66.9395,-53.6735,4.46,67,9,2.43,GL,1622607033
Sémbé,1.6481,14.5806,21.25,98,100,2.13,CG,1622607034
Naze,28.3667,129.4833,22.93,82,84,6.67,JP,1622607034
Grândola,38.1772,-8.5668,16.27,88,30,0.29,PT,1622607034
Riachão do Jacuípe,-11.8069,-39.3856,20.05,97,11,1.88,BR,1622607034
Mago,53.2514,140.1822,24.89,30,100,3.93,RU,1622607035
Viranşehir,37.2353,39.7631,21.13,40,0,4.65,TR,1622607035
Pushkino,56.0172,37.8667,13.05,62,7,3.9,RU,1622607035
Sørland,67.667,12.6934,10.13,76,15,2.78,NO,1622607036
Bennington,42.8781,-73.1968,14.68,80,78,1.24,US,1622607036
Gayny,60.3071,54.3241,9.34,41,11,3.01,RU,1622607036
Aného,6.2333,1.6,26.66,85,100,3.65,TG,1622607037
Vilhena,-12.7406,-60.1458,19.87,68,27,1.04,BR,1622606957
Camacha,33.0833,-16.3333,16.68,77,40,3.09,PT,1622607037
Kibaya,-5.3,36.5667,14.36,79,98,2.82,TZ,1622607037
Nísia Floresta,-6.0911,-35.2086,23.45,90,1,2.92,BR,1622607038
Kalangala,-0.3089,32.225,21.64,66,98,6.4,UG,1622607038
Warrington,53.3925,-2.5802,14.89,70,89,0.45,GB,1622607038
Manokwari,-0.8667,134.0833,25.74,87,100,3.99,ID,1622607039
Chittarkonda,18.1167,82.0833,34.36,43,8,1.75,IN,1622607039
Takaka,-40.85,172.8,16.1,74,75,0.73,NZ,1622607039
Southbridge,42.0751,-72.0334,16.17,83,96,2.26,US,1622607040
Arlit,18.7369,7.3853,31.54,10,0,3.72,NE,1622607040
Gimli,50.6336,-96.9907,14.68,96,5,4.89,CA,1622607041
Logan,41.7355,-111.8344,22.39,50,99,0.89,US,1622606950
Jūybār,36.6412,52.9124,25.09,41,0,0.87,IR,1622607041
Medyn',54.9692,35.8586,11.96,67,7,3.64,RU,1622607041
Katherine,-14.4667,132.2667,32.18,37,0,2.63,AU,1622607042
Pestovo,58.5938,35.8024,10.98,67,76,1.79,RU,1622607042
Kongolo,-5.3833,27.0,22.87,59,96,1.2,CD,1622607042
Benton,36.3334,-94.3335,16.57,94,90,1.79,US,1622607044
Zhezkazgan,47.8043,67.7144,21.42,71,99,8.55,KZ,1622607044
Aksu,41.1231,80.2644,29.06,23,75,3.6,CN,1622607044
Oistins,13.0667,-59.5333,26.05,65,40,6.17,BB,1622607045
Ossora,59.2353,163.0719,9.39,53,97,4.4,RU,1622607015
High Rock,26.6208,-78.2833,24.01,79,100,7.77,BS,1622607045
Nishihara,26.1842,127.7558,29.6,77,75,4.05,JP,1622607045
